,文物采样点,SiO2,Na2O,K2O,CaO,MgO,Al2O3,Fe2O3,CuO,PbO,BaO,P2O5,SrO,SnO2,SO2,sub_class
0,7,0.929087262,0,0.0,0.010732197,0.0,0.019859579,0.001705115,0.032497492,0,0,0.006118355,0,0,0,1
1,9,0.952390498,0,0.005913601,0.006214293,0.0,0.01323043,0.003207377,0.015535732,0,0,0.003508069,0,0,0,0
2,10,0.96954213,0,0.009217513,0.002103998,0.0,0.008115419,0.002604949,0.00841599,0,0,0.0,0,0,0,0
3,12,0.94697198,0,0.010143618,0.007231094,0.0,0.014663051,0.002912524,0.016571256,0,0,0.001506478,0,0,0,0
4,22,0.9235,0,0.0074,0.0166,0.0064,0.035,0.0035,0.0055,0,0,0.0021,0,0,0,1
5,27,0.938366562,0,0.0,0.009513207,0.005465034,0.025402287,0.002024087,0.015585467,0,0,0.003643356,0,0,0,1
