"文物编号","表面风化","SiO2","Na2O","K2O","CaO","MgO","Al2O3","Fe2O3","CuO","PbO","BaO","P2O5","SrO","SnO2","SO2"
"A1","无风化",0.788600723763571,0,0,0.0611178126256534,0.0186972255729795,0.0726779252110977,0.0216123843988741,0.021210293526337,0,0,0.0106554081222356,0.000301568154402895,0,0.00512665862484922
"A2","风化",0.392085583714167,0,0,0.0792480265891151,0,0.0242002492729539,0,0,0.35625259659327,0,0.148213543830494,0,0,0
"A3","无风化",0.322792483329966,0,0.0137401495251566,0.0726409375631441,0.00818347140836533,0.0296019397858153,0.071327540917357,0.00212164073550212,0.399878763386543,0.0473833097595474,0.0270761770054556,0.00525358658314811,0,0
"A4","无风化",0.369479166666667,0,0.00822916666666667,0.0301041666666667,0.0109375,0.0736458333333333,0.0671875,0.01,0.252916666666667,0.0865625,0.0880208333333333,0.00291666666666667,0,0
"A5","风化",0.645352338887774,0.0120457739409757,0.00371411363180084,0.0164625577193335,0.0234892591849026,0.127986348122867,0.0081308974101586,0.0094358562537643,0.122766512748444,0.0216823930937563,0.00190724754065449,0.00210801043967075,0.00491869102589841,0
"A6","风化",0.940161453077699,0,0.0136226034308779,0.00645812310797174,0.00211907164480323,0.0153380423814329,0.00272452068617558,0.0174571140262361,0,0,0.00211907164480323,0,0,0
"A7","风化",0.911581694098755,0,0.00983540746688077,0.0112404656764352,0,0.0507828181453232,0.00240867121637896,0.0117422721798474,0,0,0.00130469690887194,0,0,0.00110397430750703
"A8","无风化",0.51130226045209,0,0.0023004600920184,0.00890178035607122,0,0.0212042408481696,0,0.0901180236047209,0.2124424884977,0.113422684536907,0.0146029205841168,0.00310062012402481,0,0.0226045209041808
