文物采样点,SiO2,Na2O,K2O,CaO,MgO,Al2O3,Fe2O3,CuO,PbO,BaO,P2O5,SrO,SnO2,SO2
24,0.323017799,0,0,0.004753236,0,0.016080097,0,0.085558252,0.294700647,0.265271036,0.001415858,0.009203074,0,0
30部位1,0.350587034,0,0.0143951,0.045839714,0.010005105,0.044410413,0.021643696,0,0.400408372,0.105053599,0,0.003573252,0.004083716,0
30部位2,0.374164134,0,0,0.04295846,0.005167173,0.039108409,0.027760892,0,0.382370821,0.104863222,0.014285714,0.004863222,0.004457953,0
