文物采样点,SiO2,Na2O,K2O,CaO,MgO,Al2O3,Fe2O3,CuO,PbO,BaO,P2O5,SrO,SnO2,SO2
7,0.929087262,0,0,0.010732197,0,0.019859579,0.001705115,0.032497492,0,0,0.006118355,0,0,0
22,0.9235,0,0.0074,0.0166,0.0064,0.035,0.0035,0.0055,0,0,0.0021,0,0,0
27,0.938366562,0,0,0.009513207,0.005465034,0.025402287,0.002024087,0.015585467,0,0,0.003643356,0,0,0
