文物采样点,SiO2,Na2O,K2O,CaO,MgO,Al2O3,Fe2O3,CuO,PbO,BaO,P2O5,SrO,SnO2,SO2
03部位1,0.8705,0,0.0519,0.0201,0,0.0406,0,0.0078,0.0025,0,0.0066,0,0,0
18,0.817069409,0,0.096863753,0,0.015732648,0.031362468,0,0,0,0,0.013984576,0.000719794,0.024267352,0
21,0.778319123,0,0,0.047807552,0.012383272,0.062829882,0.024056029,0.033292732,0.010150223,0.01999594,0.011165246,0,0,0
