文物采样点,SiO2,Na2O,K2O,CaO,MgO,Al2O3,Fe2O3,CuO,PbO,BaO,P2O5,SrO,SnO2,SO2
1,0.710275587,0,0.102346071,0.064747464,0.008913021,0.040262268,0.017826042,0.039647577,0,0,0.011986477,0,0,0.003995492
03部位2,0.624089806,0,0.125101133,0.059364887,0.011225728,0.055622977,0.02184466,0.051476537,0.014259709,0.028923948,0.007079288,0.001011327,0,0
4,0.685821362,0,0.10066625,0.074120341,0.01623985,0.067041432,0.02144493,0.022694149,0,0,0.008224027,0,0,0.003747658
5,0.638068594,0,0.113459745,0.076157911,0.018340068,0.077712154,0.027147446,0.033882499,0,0,0.009739923,0.000621697,0,0.004869962
06部位1,0.683885968,0,0.07450465,0,0.020016175,0.112717347,0.024160938,0.02537404,0.002021836,0.013950667,0.042256369,0.00111201,0,0
06部位2,0.605119385,0,0.077701335,0.054734925,0.017503035,0.101679482,0.061108863,0.022055848,0.003541076,0.009813841,0.045528126,0.001214083,0,0
13,0.60128388,0.029142042,0.12767475,0.088648869,0,0.062767475,0.029345832,0.048196454,0,0,0.012940697,0,0,0
14,0.631010101,0.034141414,0.124040404,0.083131313,0.006666667,0.093232323,0.005050505,0.004747475,0.016363636,0,0.001616162,0,0,0
16,0.662331064,0.021339295,0.147545981,0.084036175,0.005284016,0.062798496,0.004267859,0.010872879,0.001117773,0,0,0.000406463,0,0
